{
  "aeroblst": {
    "download": "https://archive.org/download/2020_01_06_fbn/roms/tg16.zip/tg16/aeroblst.zip"
  },
  "acrush": {
    "download": "https://archive.org/download/2020_01_06_fbn/roms/tg16.zip/tg16/acrush.zip"
  },
  "ballistx": {
    "download": "https://archive.org/download/2020_01_06_fbn/roms/tg16.zip/tg16/ballistx.zip"
  },
  "batlroyl": {
    "download": "https://archive.org/download/2020_01_06_fbn/roms/tg16.zip/tg16/batlroyl.zip"
  },
  "blazlazr": {
    "download": "https://archive.org/download/2020_01_06_fbn/roms/tg16.zip/tg16/blazlazr.zip"
  },
  "blodwolf": {
    "download": "https://archive.org/download/2020_01_06_fbn/roms/tg16.zip/tg16/blodwolf.zip"
  },
  "bombman": {
    "download": "https://archive.org/download/2020_01_06_fbn/roms/tg16.zip/tg16/bombman.zip"
  },
  "bombmn93": {
    "download": "https://archive.org/download/2020_01_06_fbn/roms/tg16.zip/tg16/bombmn93.zip"
  },
  "bonk3": {
    "download": "https://archive.org/download/2020_01_06_fbn/roms/tg16.zip/tg16/bonk3.zip"
  },
  "bonk": {
    "download": "https://archive.org/download/2020_01_06_fbn/roms/tg16.zip/tg16/bonk.zip"
  },
  "bonk2": {
    "download": "https://archive.org/download/2020_01_06_fbn/roms/tg16.zip/tg16/bonk2.zip"
  },
  "boxyboy": {
    "download": "https://archive.org/download/2020_01_06_fbn/roms/tg16.zip/tg16/boxyboy.zip"
  },
  "bravoman": {
    "download": "https://archive.org/download/2020_01_06_fbn/roms/tg16.zip/tg16/bravoman.zip"
  },
  "cadash": {
    "download": "https://archive.org/download/2020_01_06_fbn/roms/tg16.zip/tg16/cadash.zip"
  },
  "forevbox": {
    "download": "https://archive.org/download/2020_01_06_fbn/roms/tg16.zip/tg16/forevbox.zip"
  },
  "chewman": {
    "download": "https://archive.org/download/2020_01_06_fbn/roms/tg16.zip/tg16/chewman.zip"
  },
  "chinawar": {
    "download": "https://archive.org/download/2020_01_06_fbn/roms/tg16.zip/tg16/chinawar.zip"
  },
  "cratermz": {
    "download": "https://archive.org/download/2020_01_06_fbn/roms/tg16.zip/tg16/cratermz.zip"
  },
  "cybrcore": {
    "download": "https://archive.org/download/2020_01_06_fbn/roms/tg16.zip/tg16/cybrcore.zip"
  },
  "darkwing": {
    "download": "https://archive.org/download/2020_01_06_fbn/roms/tg16.zip/tg16/darkwing.zip"
  },
  "daviscup": {
    "download": "https://archive.org/download/2020_01_06_fbn/roms/tg16.zip/tg16/daviscup.zip"
  },
  "deadmoon": {
    "download": "https://archive.org/download/2020_01_06_fbn/roms/tg16.zip/tg16/deadmoon.zip"
  },
  "deepblue": {
    "download": "https://archive.org/download/2020_01_06_fbn/roms/tg16.zip/tg16/deepblue.zip"
  },
  "devlcrsh": {
    "download": "https://archive.org/download/2020_01_06_fbn/roms/tg16.zip/tg16/devlcrsh.zip"
  },
  "ddungw": {
    "download": "https://archive.org/download/2020_01_06_fbn/roms/tg16.zip/tg16/ddungw.zip"
  },
  "dspirit": {
    "download": "https://archive.org/download/2020_01_06_fbn/roms/tg16.zip/tg16/dspirit.zip"
  },
  "dragcrse": {
    "download": "https://archive.org/download/2020_01_06_fbn/roms/tg16.zip/tg16/dragcrse.zip"
  },
  "dropoff": {
    "download": "https://archive.org/download/2020_01_06_fbn/roms/tg16.zip/tg16/dropoff.zip"
  },
  "dungexpl": {
    "download": "https://archive.org/download/2020_01_06_fbn/roms/tg16.zip/tg16/dungexpl.zip"
  },
  "falcon": {
    "download": "https://archive.org/download/2020_01_06_fbn/roms/tg16.zip/tg16/falcon.zip"
  },
  "fantzone": {
    "download": "https://archive.org/download/2020_01_06_fbn/roms/tg16.zip/tg16/fantzone.zip"
  },
  "finallap": {
    "download": "https://archive.org/download/2020_01_06_fbn/roms/tg16.zip/tg16/finallap.zip"
  },
  "galaga90": {
    "download": "https://archive.org/download/2020_01_06_fbn/roms/tg16.zip/tg16/galaga90.zip"
  },
  "ghostman": {
    "download": "https://archive.org/download/2020_01_06_fbn/roms/tg16.zip/tg16/ghostman.zip"
  },
  "gunboat": {
    "download": "https://archive.org/download/2020_01_06_fbn/roms/tg16.zip/tg16/gunboat.zip"
  },
  "hitice": {
    "download": "https://archive.org/download/2020_01_06_fbn/roms/tg16.zip/tg16/hitice.zip"
  },
  "impossam": {
    "download": "https://archive.org/download/2020_01_06_fbn/roms/tg16.zip/tg16/impossam.zip"
  },
  "jjnjeff": {
    "download": "https://archive.org/download/2020_01_06_fbn/roms/tg16.zip/tg16/jjnjeff.zip"
  },
  "nicklaus": {
    "download": "https://archive.org/download/2020_01_06_fbn/roms/tg16.zip/tg16/nicklaus.zip"
  },
  "jchan": {
    "download": "https://archive.org/download/2020_01_06_fbn/roms/tg16.zip/tg16/jchan.zip"
  },
  "keithcor": {
    "download": "https://archive.org/download/2020_01_06_fbn/roms/tg16.zip/tg16/keithcor.zip"
  },
  "kingcasn": {
    "download": "https://archive.org/download/2020_01_06_fbn/roms/tg16.zip/tg16/kingcasn.zip"
  },
  "klax": {
    "download": "https://archive.org/download/2020_01_06_fbn/roms/tg16.zip/tg16/klax.zip"
  },
  "loht": {
    "download": "https://archive.org/download/2020_01_06_fbn/roms/tg16.zip/tg16/loht.zip"
  },
  "magchase": {
    "download": "https://archive.org/download/2020_01_06_fbn/roms/tg16.zip/tg16/magchase.zip"
  },
  "miltrymd": {
    "download": "https://archive.org/download/2020_01_06_fbn/roms/tg16.zip/tg16/miltrymd.zip"
  },
  "motoroad": {
    "download": "https://archive.org/download/2020_01_06_fbn/roms/tg16.zip/tg16/motoroad.zip"
  },
  "neutopia": {
    "download": "https://archive.org/download/2020_01_06_fbn/roms/tg16.zip/tg16/neutopia.zip"
  },
  "neutopi2": {
    "download": "https://archive.org/download/2020_01_06_fbn/roms/tg16.zip/tg16/neutopi2.zip"
  },
  "advislnd": {
    "download": "https://archive.org/download/2020_01_06_fbn/roms/tg16.zip/tg16/advislnd.zip"
  },
  "nightcr": {
    "download": "https://archive.org/download/2020_01_06_fbn/roms/tg16.zip/tg16/nightcr.zip"
  },
  "nspirit": {
    "download": "https://archive.org/download/2020_01_06_fbn/roms/tg16.zip/tg16/nspirit.zip"
  },
  "griffon": {
    "download": "https://archive.org/download/2020_01_06_fbn/roms/tg16.zip/tg16/griffon.zip"
  },
  "ordyne": {
    "download": "https://archive.org/download/2020_01_06_fbn/roms/tg16.zip/tg16/ordyne.zip"
  },
  "pacland": {
    "download": "https://archive.org/download/2020_01_06_fbn/roms/tg16.zip/tg16/pacland.zip"
  },
  "panzakb": {
    "download": "https://archive.org/download/2020_01_06_fbn/roms/tg16.zip/tg16/panzakb.zip"
  },
  "parasol": {
    "download": "https://archive.org/download/2020_01_06_fbn/roms/tg16.zip/tg16/parasol.zip"
  },
  "pgolf": {
    "download": "https://archive.org/download/2020_01_06_fbn/roms/tg16.zip/tg16/pgolf.zip"
  },
  "psychos": {
    "download": "https://archive.org/download/2020_01_06_fbn/roms/tg16.zip/tg16/psychos.zip"
  },
  "rtype": {
    "download": "https://archive.org/download/2020_01_06_fbn/roms/tg16.zip/tg16/rtype.zip"
  },
  "raiden": {
    "download": "https://archive.org/download/2020_01_06_fbn/roms/tg16.zip/tg16/raiden.zip"
  },
  "samuraig": {
    "download": "https://archive.org/download/2020_01_06_fbn/roms/tg16.zip/tg16/samuraig.zip"
  },
  "shockman": {
    "download": "https://archive.org/download/2020_01_06_fbn/roms/tg16.zip/tg16/shockman.zip"
  },
  "sidearms": {
    "download": "https://archive.org/download/2020_01_06_fbn/roms/tg16.zip/tg16/sidearms.zip"
  },
  "silentd": {
    "download": "https://archive.org/download/2020_01_06_fbn/roms/tg16.zip/tg16/silentd.zip"
  },
  "sinistrn": {
    "download": "https://archive.org/download/2020_01_06_fbn/roms/tg16.zip/tg16/sinistrn.zip"
  },
  "soldblad": {
    "download": "https://archive.org/download/2020_01_06_fbn/roms/tg16.zip/tg16/soldblad.zip"
  },
  "somerass": {
    "download": "https://archive.org/download/2020_01_06_fbn/roms/tg16.zip/tg16/somerass.zip"
  },
  "wbeach": {
    "download": "https://archive.org/download/2020_01_06_fbn/roms/tg16.zip/tg16/wbeach.zip"
  },
  "sharrier": {
    "download": "https://archive.org/download/2020_01_06_fbn/roms/tg16.zip/tg16/sharrier.zip"
  },
  "splatth": {
    "download": "https://archive.org/download/2020_01_06_fbn/roms/tg16.zip/tg16/splatth.zip"
  },
  "sssoldr": {
    "download": "https://archive.org/download/2020_01_06_fbn/roms/tg16.zip/tg16/sssoldr.zip"
  },
  "svolley": {
    "download": "https://archive.org/download/2020_01_06_fbn/roms/tg16.zip/tg16/svolley.zip"
  },
  "chasehq": {
    "download": "https://archive.org/download/2020_01_06_fbn/roms/tg16.zip/tg16/chasehq.zip"
  },
  "taknhoop": {
    "download": "https://archive.org/download/2020_01_06_fbn/roms/tg16.zip/tg16/taknhoop.zip"
  },
  "talespin": {
    "download": "https://archive.org/download/2020_01_06_fbn/roms/tg16.zip/tg16/talespin.zip"
  },
  "legaxe": {
    "download": "https://archive.org/download/2020_01_06_fbn/roms/tg16.zip/tg16/legaxe.zip"
  },
  "legaxe2": {
    "download": "https://archive.org/download/2020_01_06_fbn/roms/tg16.zip/tg16/legaxe2.zip"
  },
  "tigerrod": {
    "download": "https://archive.org/download/2020_01_06_fbn/roms/tg16.zip/tg16/tigerrod.zip"
  },
  "timcrus": {
    "download": "https://archive.org/download/2020_01_06_fbn/roms/tg16.zip/tg16/timcrus.zip"
  },
  "timeball": {
    "download": "https://archive.org/download/2020_01_06_fbn/roms/tg16.zip/tg16/timeball.zip"
  },
  "tricky": {
    "download": "https://archive.org/download/2020_01_06_fbn/roms/tg16.zip/tg16/tricky.zip"
  },
  "turrican": {
    "download": "https://archive.org/download/2020_01_06_fbn/roms/tg16.zip/tg16/turrican.zip"
  },
  "tvbasket": {
    "download": "https://archive.org/download/2020_01_06_fbn/roms/tg16.zip/tg16/tvbasket.zip"
  },
  "tvfootbl": {
    "download": "https://archive.org/download/2020_01_06_fbn/roms/tg16.zip/tg16/tvfootbl.zip"
  },
  "tvhockey": {
    "download": "https://archive.org/download/2020_01_06_fbn/roms/tg16.zip/tg16/tvhockey.zip"
  },
  "veigues": {
    "download": "https://archive.org/download/2020_01_06_fbn/roms/tg16.zip/tg16/veigues.zip"
  },
  "victoryr": {
    "download": "https://archive.org/download/2020_01_06_fbn/roms/tg16.zip/tg16/victoryr.zip"
  },
  "vigilant": {
    "download": "https://archive.org/download/2020_01_06_fbn/roms/tg16.zip/tg16/vigilant.zip"
  },
  "wcbasebl": {
    "download": "https://archive.org/download/2020_01_06_fbn/roms/tg16.zip/tg16/wcbasebl.zip"
  },
  "wctennis": {
    "download": "https://archive.org/download/2020_01_06_fbn/roms/tg16.zip/tg16/wctennis.zip"
  },
  "wscomp": {
    "download": "https://archive.org/download/2020_01_06_fbn/roms/tg16.zip/tg16/wscomp.zip"
  },
  "yobro": {
    "download": "https://archive.org/download/2020_01_06_fbn/roms/tg16.zip/tg16/yobro.zip"
  }
}