{
  "2010": {
    "download": "https://archive.org/download/2020_01_06_fbn/roms/coleco.zip/coleco/2010.zip",
    "require": [
      "coleco"
    ]
  },
  "2010p1": {
    "download": "https://archive.org/download/2020_01_06_fbn/roms/coleco.zip/coleco/2010p1.zip",
    "require": [
      "2010"
    ]
  },
  "2010p": {
    "download": "https://archive.org/download/2020_01_06_fbn/roms/coleco.zip/coleco/2010p.zip",
    "require": [
      "2010"
    ]
  },
  "alcazar": {
    "download": "https://archive.org/download/2020_01_06_fbn/roms/coleco.zip/coleco/alcazar.zip",
    "require": [
      "coleco"
    ]
  },
  "alphazoo": {
    "download": "https://archive.org/download/2020_01_06_fbn/roms/coleco.zip/coleco/alphazoo.zip",
    "require": [
      "coleco"
    ]
  },
  "amazing": {
    "download": "https://archive.org/download/2020_01_06_fbn/roms/coleco.zip/coleco/amazing.zip",
    "require": [
      "coleco"
    ]
  },
  "antarct": {
    "download": "https://archive.org/download/2020_01_06_fbn/roms/coleco.zip/coleco/antarct.zip",
    "require": [
      "coleco"
    ]
  },
  "aquatack": {
    "download": "https://archive.org/download/2020_01_06_fbn/roms/coleco.zip/coleco/aquatack.zip",
    "require": [
      "coleco"
    ]
  },
  "aquatacka": {
    "download": "https://archive.org/download/2020_01_06_fbn/roms/coleco.zip/coleco/aquatacka.zip",
    "require": [
      "aquatack"
    ]
  },
  "artduel": {
    "download": "https://archive.org/download/2020_01_06_fbn/roms/coleco.zip/coleco/artduel.zip",
    "require": [
      "coleco"
    ]
  },
  "bcquest": {
    "download": "https://archive.org/download/2020_01_06_fbn/roms/coleco.zip/coleco/bcquest.zip",
    "require": [
      "coleco"
    ]
  },
  "bcquest2": {
    "download": "https://archive.org/download/2020_01_06_fbn/roms/coleco.zip/coleco/bcquest2.zip",
    "require": [
      "coleco"
    ]
  },
  "bcquest2ca": {
    "download": "https://archive.org/download/2020_01_06_fbn/roms/coleco.zip/coleco/bcquest2ca.zip",
    "require": [
      "bcquest2"
    ]
  },
  "beamridr": {
    "download": "https://archive.org/download/2020_01_06_fbn/roms/coleco.zip/coleco/beamridr.zip",
    "require": [
      "coleco"
    ]
  },
  "blockrun": {
    "download": "https://archive.org/download/2020_01_06_fbn/roms/coleco.zip/coleco/blockrun.zip",
    "require": [
      "coleco"
    ]
  },
  "bdash": {
    "download": "https://archive.org/download/2020_01_06_fbn/roms/coleco.zip/coleco/bdash.zip",
    "require": [
      "coleco"
    ]
  },
  "boxxle": {
    "download": "https://archive.org/download/2020_01_06_fbn/roms/coleco.zip/coleco/boxxle.zip",
    "require": [
      "coleco"
    ]
  },
  "brainstr": {
    "download": "https://archive.org/download/2020_01_06_fbn/roms/coleco.zip/coleco/brainstr.zip",
    "require": [
      "coleco"
    ]
  },
  "buckrogsgm": {
    "download": "https://archive.org/download/2020_01_06_fbn/roms/coleco.zip/coleco/buckrogsgm.zip",
    "require": [
      "coleco"
    ]
  },
  "buckrog": {
    "download": "https://archive.org/download/2020_01_06_fbn/roms/coleco.zip/coleco/buckrog.zip",
    "require": [
      "coleco"
    ]
  },
  "bnj": {
    "download": "https://archive.org/download/2020_01_06_fbn/roms/coleco.zip/coleco/bnj.zip",
    "require": [
      "coleco"
    ]
  },
  "btime": {
    "download": "https://archive.org/download/2020_01_06_fbn/roms/coleco.zip/coleco/btime.zip",
    "require": [
      "coleco"
    ]
  },
  "btimem": {
    "download": "https://archive.org/download/2020_01_06_fbn/roms/coleco.zip/coleco/btimem.zip",
    "require": [
      "btime"
    ]
  },
  "cabbshow": {
    "download": "https://archive.org/download/2020_01_06_fbn/roms/coleco.zip/coleco/cabbshow.zip",
    "require": [
      "coleco"
    ]
  },
  "cabbage": {
    "download": "https://archive.org/download/2020_01_06_fbn/roms/coleco.zip/coleco/cabbage.zip",
    "require": [
      "coleco"
    ]
  },
  "cabbagep1": {
    "download": "https://archive.org/download/2020_01_06_fbn/roms/coleco.zip/coleco/cabbagep1.zip",
    "require": [
      "cabbage"
    ]
  },
  "cabbagep2": {
    "download": "https://archive.org/download/2020_01_06_fbn/roms/coleco.zip/coleco/cabbagep2.zip",
    "require": [
      "cabbage"
    ]
  },
  "campaign": {
    "download": "https://archive.org/download/2020_01_06_fbn/roms/coleco.zip/coleco/campaign.zip",
    "require": [
      "coleco"
    ]
  },
  "carnival": {
    "download": "https://archive.org/download/2020_01_06_fbn/roms/coleco.zip/coleco/carnival.zip",
    "require": [
      "coleco"
    ]
  },
  "castelo": {
    "download": "https://archive.org/download/2020_01_06_fbn/roms/coleco.zip/coleco/castelo.zip",
    "require": [
      "coleco"
    ]
  },
  "cbsmon": {
    "download": "https://archive.org/download/2020_01_06_fbn/roms/coleco.zip/coleco/cbsmon.zip",
    "require": [
      "coleco"
    ]
  },
  "centiped": {
    "download": "https://archive.org/download/2020_01_06_fbn/roms/coleco.zip/coleco/centiped.zip",
    "require": [
      "coleco"
    ]
  },
  "choplift": {
    "download": "https://archive.org/download/2020_01_06_fbn/roms/coleco.zip/coleco/choplift.zip",
    "require": [
      "coleco"
    ]
  },
  "chucknor": {
    "download": "https://archive.org/download/2020_01_06_fbn/roms/coleco.zip/coleco/chucknor.zip",
    "require": [
      "coleco"
    ]
  },
  "coldblood": {
    "download": "https://archive.org/download/2020_01_06_fbn/roms/coleco.zip/coleco/coldblood.zip",
    "require": [
      "coleco"
    ]
  },
  "cvjoytest": {
    "download": "https://archive.org/download/2020_01_06_fbn/roms/coleco.zip/coleco/cvjoytest.zip",
    "require": [
      "coleco"
    ]
  },
  "sgmtest": {
    "download": "https://archive.org/download/2020_01_06_fbn/roms/coleco.zip/coleco/sgmtest.zip",
    "require": [
      "coleco"
    ]
  },
  "congo": {
    "download": "https://archive.org/download/2020_01_06_fbn/roms/coleco.zip/coleco/congo.zip",
    "require": [
      "coleco"
    ]
  },
  "cavenger": {
    "download": "https://archive.org/download/2020_01_06_fbn/roms/coleco.zip/coleco/cavenger.zip",
    "require": [
      "coleco"
    ]
  },
  "cavengera": {
    "download": "https://archive.org/download/2020_01_06_fbn/roms/coleco.zip/coleco/cavengera.zip",
    "require": [
      "cavenger"
    ]
  },
  "ccrisis": {
    "download": "https://archive.org/download/2020_01_06_fbn/roms/coleco.zip/coleco/ccrisis.zip",
    "require": [
      "coleco"
    ]
  },
  "dncfntsy": {
    "download": "https://archive.org/download/2020_01_06_fbn/roms/coleco.zip/coleco/dncfntsy.zip",
    "require": [
      "coleco"
    ]
  },
  "decathln": {
    "download": "https://archive.org/download/2020_01_06_fbn/roms/coleco.zip/coleco/decathln.zip",
    "require": [
      "coleco"
    ]
  },
  "defender": {
    "download": "https://archive.org/download/2020_01_06_fbn/roms/coleco.zip/coleco/defender.zip",
    "require": [
      "coleco"
    ]
  },
  "destruct": {
    "download": "https://archive.org/download/2020_01_06_fbn/roms/coleco.zip/coleco/destruct.zip",
    "require": [
      "coleco"
    ]
  },
  "digdug": {
    "download": "https://archive.org/download/2020_01_06_fbn/roms/coleco.zip/coleco/digdug.zip",
    "require": [
      "coleco"
    ]
  },
  "digger": {
    "download": "https://archive.org/download/2020_01_06_fbn/roms/coleco.zip/coleco/digger.zip",
    "require": [
      "coleco"
    ]
  },
  "dkong": {
    "download": "https://archive.org/download/2020_01_06_fbn/roms/coleco.zip/coleco/dkong.zip",
    "require": [
      "coleco"
    ]
  },
  "dkonga": {
    "download": "https://archive.org/download/2020_01_06_fbn/roms/coleco.zip/coleco/dkonga.zip",
    "require": [
      "dkong"
    ]
  },
  "dkongjr": {
    "download": "https://archive.org/download/2020_01_06_fbn/roms/coleco.zip/coleco/dkongjr.zip",
    "require": [
      "coleco"
    ]
  },
  "drseuss": {
    "download": "https://archive.org/download/2020_01_06_fbn/roms/coleco.zip/coleco/drseuss.zip",
    "require": [
      "coleco"
    ]
  },
  "dlair": {
    "download": "https://archive.org/download/2020_01_06_fbn/roms/coleco.zip/coleco/dlair.zip",
    "require": [
      "dlairsgm"
    ]
  },
  "dlairsgm": {
    "download": "https://archive.org/download/2020_01_06_fbn/roms/coleco.zip/coleco/dlairsgm.zip",
    "require": [
      "coleco"
    ]
  },
  "drgnfire": {
    "download": "https://archive.org/download/2020_01_06_fbn/roms/coleco.zip/coleco/drgnfire.zip",
    "require": [
      "coleco"
    ]
  },
  "mindmstr": {
    "download": "https://archive.org/download/2020_01_06_fbn/roms/coleco.zip/coleco/mindmstr.zip",
    "require": [
      "coleco"
    ]
  },
  "evolutio": {
    "download": "https://archive.org/download/2020_01_06_fbn/roms/coleco.zip/coleco/evolutio.zip",
    "require": [
      "coleco"
    ]
  },
  "facemakr": {
    "download": "https://archive.org/download/2020_01_06_fbn/roms/coleco.zip/coleco/facemakr.zip",
    "require": [
      "coleco"
    ]
  },
  "fallguy": {
    "download": "https://archive.org/download/2020_01_06_fbn/roms/coleco.zip/coleco/fallguy.zip",
    "require": [
      "coleco"
    ]
  },
  "fathom": {
    "download": "https://archive.org/download/2020_01_06_fbn/roms/coleco.zip/coleco/fathom.zip",
    "require": [
      "coleco"
    ]
  },
  "finaltst": {
    "download": "https://archive.org/download/2020_01_06_fbn/roms/coleco.zip/coleco/finaltst.zip",
    "require": [
      "coleco"
    ]
  },
  "flipslip": {
    "download": "https://archive.org/download/2020_01_06_fbn/roms/coleco.zip/coleco/flipslip.zip",
    "require": [
      "coleco"
    ]
  },
  "fortune": {
    "download": "https://archive.org/download/2020_01_06_fbn/roms/coleco.zip/coleco/fortune.zip",
    "require": [
      "coleco"
    ]
  },
  "fracfevr": {
    "download": "https://archive.org/download/2020_01_06_fbn/roms/coleco.zip/coleco/fracfevr.zip",
    "require": [
      "coleco"
    ]
  },
  "ffreddy": {
    "download": "https://archive.org/download/2020_01_06_fbn/roms/coleco.zip/coleco/ffreddy.zip",
    "require": [
      "coleco"
    ]
  },
  "frenzy": {
    "download": "https://archive.org/download/2020_01_06_fbn/roms/coleco.zip/coleco/frenzy.zip",
    "require": [
      "coleco"
    ]
  },
  "frenzya": {
    "download": "https://archive.org/download/2020_01_06_fbn/roms/coleco.zip/coleco/frenzya.zip",
    "require": [
      "frenzy"
    ]
  },
  "frenzya2": {
    "download": "https://archive.org/download/2020_01_06_fbn/roms/coleco.zip/coleco/frenzya2.zip",
    "require": [
      "frenzy"
    ]
  },
  "frogger": {
    "download": "https://archive.org/download/2020_01_06_fbn/roms/coleco.zip/coleco/frogger.zip",
    "require": [
      "coleco"
    ]
  },
  "frogger2": {
    "download": "https://archive.org/download/2020_01_06_fbn/roms/coleco.zip/coleco/frogger2.zip",
    "require": [
      "coleco"
    ]
  },
  "frontlin": {
    "download": "https://archive.org/download/2020_01_06_fbn/roms/coleco.zip/coleco/frontlin.zip",
    "require": [
      "coleco"
    ]
  },
  "frontlina": {
    "download": "https://archive.org/download/2020_01_06_fbn/roms/coleco.zip/coleco/frontlina.zip",
    "require": [
      "frontlin"
    ]
  },
  "frostbite": {
    "download": "https://archive.org/download/2020_01_06_fbn/roms/coleco.zip/coleco/frostbite.zip",
    "require": [
      "coleco"
    ]
  },
  "galaxian": {
    "download": "https://archive.org/download/2020_01_06_fbn/roms/coleco.zip/coleco/galaxian.zip",
    "require": [
      "coleco"
    ]
  },
  "galaxiana": {
    "download": "https://archive.org/download/2020_01_06_fbn/roms/coleco.zip/coleco/galaxiana.zip",
    "require": [
      "galaxian"
    ]
  },
  "apshai": {
    "download": "https://archive.org/download/2020_01_06_fbn/roms/coleco.zip/coleco/apshai.zip",
    "require": [
      "coleco"
    ]
  },
  "gorf": {
    "download": "https://archive.org/download/2020_01_06_fbn/roms/coleco.zip/coleco/gorf.zip",
    "require": [
      "coleco"
    ]
  },
  "gustbust": {
    "download": "https://archive.org/download/2020_01_06_fbn/roms/coleco.zip/coleco/gustbust.zip",
    "require": [
      "coleco"
    ]
  },
  "gyruss": {
    "download": "https://archive.org/download/2020_01_06_fbn/roms/coleco.zip/coleco/gyruss.zip",
    "require": [
      "coleco"
    ]
  },
  "hero": {
    "download": "https://archive.org/download/2020_01_06_fbn/roms/coleco.zip/coleco/hero.zip",
    "require": [
      "coleco"
    ]
  },
  "illusion": {
    "download": "https://archive.org/download/2020_01_06_fbn/roms/coleco.zip/coleco/illusion.zip",
    "require": [
      "coleco"
    ]
  },
  "onlyrock": {
    "download": "https://archive.org/download/2020_01_06_fbn/roms/coleco.zip/coleco/onlyrock.zip",
    "require": [
      "coleco"
    ]
  },
  "jbond": {
    "download": "https://archive.org/download/2020_01_06_fbn/roms/coleco.zip/coleco/jbond.zip",
    "require": [
      "coleco"
    ]
  },
  "joust": {
    "download": "https://archive.org/download/2020_01_06_fbn/roms/coleco.zip/coleco/joust.zip",
    "require": [
      "coleco"
    ]
  },
  "jukebox": {
    "download": "https://archive.org/download/2020_01_06_fbn/roms/coleco.zip/coleco/jukebox.zip",
    "require": [
      "coleco"
    ]
  },
  "jmpmanjr": {
    "download": "https://archive.org/download/2020_01_06_fbn/roms/coleco.zip/coleco/jmpmanjr.zip",
    "require": [
      "coleco"
    ]
  },
  "jmpmanjra": {
    "download": "https://archive.org/download/2020_01_06_fbn/roms/coleco.zip/coleco/jmpmanjra.zip",
    "require": [
      "jmpmanjr"
    ]
  },
  "jungleh": {
    "download": "https://archive.org/download/2020_01_06_fbn/roms/coleco.zip/coleco/jungleh.zip",
    "require": [
      "coleco"
    ]
  },
  "kaboom": {
    "download": "https://archive.org/download/2020_01_06_fbn/roms/coleco.zip/coleco/kaboom.zip",
    "require": [
      "coleco"
    ]
  },
  "kubjpok": {
    "download": "https://archive.org/download/2020_01_06_fbn/roms/coleco.zip/coleco/kubjpok.zip",
    "require": [
      "coleco"
    ]
  },
  "keykaper": {
    "download": "https://archive.org/download/2020_01_06_fbn/roms/coleco.zip/coleco/keykaper.zip",
    "require": [
      "coleco"
    ]
  },
  "ladybug": {
    "download": "https://archive.org/download/2020_01_06_fbn/roms/coleco.zip/coleco/ladybug.zip",
    "require": [
      "coleco"
    ]
  },
  "leeper": {
    "download": "https://archive.org/download/2020_01_06_fbn/roms/coleco.zip/coleco/leeper.zip",
    "require": [
      "coleco"
    ]
  },
  "linklogc": {
    "download": "https://archive.org/download/2020_01_06_fbn/roms/coleco.zip/coleco/linklogc.zip",
    "require": [
      "coleco"
    ]
  },
  "logiclvl": {
    "download": "https://archive.org/download/2020_01_06_fbn/roms/coleco.zip/coleco/logiclvl.zip",
    "require": [
      "coleco"
    ]
  },
  "looping": {
    "download": "https://archive.org/download/2020_01_06_fbn/roms/coleco.zip/coleco/looping.zip",
    "require": [
      "coleco"
    ]
  },
  "mash": {
    "download": "https://archive.org/download/2020_01_06_fbn/roms/coleco.zip/coleco/mash.zip",
    "require": [
      "coleco"
    ]
  },
  "mecha8": {
    "download": "https://archive.org/download/2020_01_06_fbn/roms/coleco.zip/coleco/mecha8.zip",
    "require": [
      "coleco"
    ]
  },
  "mecha9": {
    "download": "https://archive.org/download/2020_01_06_fbn/roms/coleco.zip/coleco/mecha9.zip",
    "require": [
      "coleco"
    ]
  },
  "memmanor": {
    "download": "https://archive.org/download/2020_01_06_fbn/roms/coleco.zip/coleco/memmanor.zip",
    "require": [
      "coleco"
    ]
  },
  "meteosho": {
    "download": "https://archive.org/download/2020_01_06_fbn/roms/coleco.zip/coleco/meteosho.zip",
    "require": [
      "coleco"
    ]
  },
  "mine2049": {
    "download": "https://archive.org/download/2020_01_06_fbn/roms/coleco.zip/coleco/mine2049.zip",
    "require": [
      "coleco"
    ]
  },
  "mine2049a": {
    "download": "https://archive.org/download/2020_01_06_fbn/roms/coleco.zip/coleco/mine2049a.zip",
    "require": [
      "mine2049"
    ]
  },
  "moduleman": {
    "download": "https://archive.org/download/2020_01_06_fbn/roms/coleco.zip/coleco/moduleman.zip",
    "require": [
      "coleco"
    ]
  },
  "monkey": {
    "download": "https://archive.org/download/2020_01_06_fbn/roms/coleco.zip/coleco/monkey.zip",
    "require": [
      "coleco"
    ]
  },
  "montezum": {
    "download": "https://archive.org/download/2020_01_06_fbn/roms/coleco.zip/coleco/montezum.zip",
    "require": [
      "coleco"
    ]
  },
  "moonswpr": {
    "download": "https://archive.org/download/2020_01_06_fbn/roms/coleco.zip/coleco/moonswpr.zip",
    "require": [
      "coleco"
    ]
  },
  "moonswpra": {
    "download": "https://archive.org/download/2020_01_06_fbn/roms/coleco.zip/coleco/moonswpra.zip",
    "require": [
      "moonswpr"
    ]
  },
  "mtcracer": {
    "download": "https://archive.org/download/2020_01_06_fbn/roms/coleco.zip/coleco/mtcracer.zip",
    "require": [
      "coleco"
    ]
  },
  "mtcracera": {
    "download": "https://archive.org/download/2020_01_06_fbn/roms/coleco.zip/coleco/mtcracera.zip",
    "require": [
      "mtcracer"
    ]
  },
  "mking": {
    "download": "https://archive.org/download/2020_01_06_fbn/roms/coleco.zip/coleco/mking.zip",
    "require": [
      "coleco"
    ]
  },
  "mkinga": {
    "download": "https://archive.org/download/2020_01_06_fbn/roms/coleco.zip/coleco/mkinga.zip",
    "require": [
      "mking"
    ]
  },
  "mtrap": {
    "download": "https://archive.org/download/2020_01_06_fbn/roms/coleco.zip/coleco/mtrap.zip",
    "require": [
      "coleco"
    ]
  },
  "mtrapa": {
    "download": "https://archive.org/download/2020_01_06_fbn/roms/coleco.zip/coleco/mtrapa.zip",
    "require": [
      "mtrap"
    ]
  },
  "mrdo": {
    "download": "https://archive.org/download/2020_01_06_fbn/roms/coleco.zip/coleco/mrdo.zip",
    "require": [
      "coleco"
    ]
  },
  "mrdoa": {
    "download": "https://archive.org/download/2020_01_06_fbn/roms/coleco.zip/coleco/mrdoa.zip",
    "require": [
      "mrdo"
    ]
  },
  "docastle": {
    "download": "https://archive.org/download/2020_01_06_fbn/roms/coleco.zip/coleco/docastle.zip",
    "require": [
      "coleco"
    ]
  },
  "musicbox": {
    "download": "https://archive.org/download/2020_01_06_fbn/roms/coleco.zip/coleco/musicbox.zip",
    "require": [
      "coleco"
    ]
  },
  "novablst": {
    "download": "https://archive.org/download/2020_01_06_fbn/roms/coleco.zip/coleco/novablst.zip",
    "require": [
      "coleco"
    ]
  },
  "numbump": {
    "download": "https://archive.org/download/2020_01_06_fbn/roms/coleco.zip/coleco/numbump.zip",
    "require": [
      "amazing"
    ]
  },
  "oilswell": {
    "download": "https://archive.org/download/2020_01_06_fbn/roms/coleco.zip/coleco/oilswell.zip",
    "require": [
      "coleco"
    ]
  },
  "oilswella": {
    "download": "https://archive.org/download/2020_01_06_fbn/roms/coleco.zip/coleco/oilswella.zip",
    "require": [
      "oilswell"
    ]
  },
  "omegrace": {
    "download": "https://archive.org/download/2020_01_06_fbn/roms/coleco.zip/coleco/omegrace.zip",
    "require": [
      "coleco"
    ]
  },
  "1on1": {
    "download": "https://archive.org/download/2020_01_06_fbn/roms/coleco.zip/coleco/1on1.zip",
    "require": [
      "coleco"
    ]
  },
  "orbit": {
    "download": "https://archive.org/download/2020_01_06_fbn/roms/coleco.zip/coleco/orbit.zip",
    "require": [
      "coleco"
    ]
  },
  "pacmancol": {
    "download": "https://archive.org/download/2020_01_06_fbn/roms/coleco.zip/coleco/pacmancol.zip",
    "require": [
      "coleco"
    ]
  },
  "pacman": {
    "download": "https://archive.org/download/2020_01_06_fbn/roms/coleco.zip/coleco/pacman.zip",
    "require": [
      "coleco"
    ]
  },
  "pepper2": {
    "download": "https://archive.org/download/2020_01_06_fbn/roms/coleco.zip/coleco/pepper2.zip",
    "require": [
      "coleco"
    ]
  },
  "pitfall2": {
    "download": "https://archive.org/download/2020_01_06_fbn/roms/coleco.zip/coleco/pitfall2.zip",
    "require": [
      "coleco"
    ]
  },
  "pitfall": {
    "download": "https://archive.org/download/2020_01_06_fbn/roms/coleco.zip/coleco/pitfall.zip",
    "require": [
      "coleco"
    ]
  },
  "pitstop": {
    "download": "https://archive.org/download/2020_01_06_fbn/roms/coleco.zip/coleco/pitstop.zip",
    "require": [
      "coleco"
    ]
  },
  "pitstopa": {
    "download": "https://archive.org/download/2020_01_06_fbn/roms/coleco.zip/coleco/pitstopa.zip",
    "require": [
      "pitstop"
    ]
  },
  "popeye": {
    "download": "https://archive.org/download/2020_01_06_fbn/roms/coleco.zip/coleco/popeye.zip",
    "require": [
      "coleco"
    ]
  },
  "popeyea": {
    "download": "https://archive.org/download/2020_01_06_fbn/roms/coleco.zip/coleco/popeyea.zip",
    "require": [
      "popeye"
    ]
  },
  "porkys": {
    "download": "https://archive.org/download/2020_01_06_fbn/roms/coleco.zip/coleco/porkys.zip",
    "require": [
      "coleco"
    ]
  },
  "power": {
    "download": "https://archive.org/download/2020_01_06_fbn/roms/coleco.zip/coleco/power.zip",
    "require": [
      "coleco"
    ]
  },
  "pquest": {
    "download": "https://archive.org/download/2020_01_06_fbn/roms/coleco.zip/coleco/pquest.zip",
    "require": [
      "coleco"
    ]
  },
  "qbert": {
    "download": "https://archive.org/download/2020_01_06_fbn/roms/coleco.zip/coleco/qbert.zip",
    "require": [
      "coleco"
    ]
  },
  "qberta": {
    "download": "https://archive.org/download/2020_01_06_fbn/roms/coleco.zip/coleco/qberta.zip",
    "require": [
      "qbert"
    ]
  },
  "qbertqub": {
    "download": "https://archive.org/download/2020_01_06_fbn/roms/coleco.zip/coleco/qbertqub.zip",
    "require": [
      "coleco"
    ]
  },
  "quintana": {
    "download": "https://archive.org/download/2020_01_06_fbn/roms/coleco.zip/coleco/quintana.zip",
    "require": [
      "coleco"
    ]
  },
  "quintanaa": {
    "download": "https://archive.org/download/2020_01_06_fbn/roms/coleco.zip/coleco/quintanaa.zip",
    "require": [
      "quintana"
    ]
  },
  "questgc": {
    "download": "https://archive.org/download/2020_01_06_fbn/roms/coleco.zip/coleco/questgc.zip",
    "require": [
      "coleco"
    ]
  },
  "riveraid": {
    "download": "https://archive.org/download/2020_01_06_fbn/roms/coleco.zip/coleco/riveraid.zip",
    "require": [
      "coleco"
    ]
  },
  "robinh": {
    "download": "https://archive.org/download/2020_01_06_fbn/roms/coleco.zip/coleco/robinh.zip",
    "require": [
      "coleco"
    ]
  },
  "robinha": {
    "download": "https://archive.org/download/2020_01_06_fbn/roms/coleco.zip/coleco/robinha.zip",
    "require": [
      "robinh"
    ]
  },
  "rocnrope": {
    "download": "https://archive.org/download/2020_01_06_fbn/roms/coleco.zip/coleco/rocnrope.zip",
    "require": [
      "coleco"
    ]
  },
  "rockbolt": {
    "download": "https://archive.org/download/2020_01_06_fbn/roms/coleco.zip/coleco/rockbolt.zip",
    "require": [
      "coleco"
    ]
  },
  "rockbolta": {
    "download": "https://archive.org/download/2020_01_06_fbn/roms/coleco.zip/coleco/rockbolta.zip",
    "require": [
      "rockbolt"
    ]
  },
  "rocky": {
    "download": "https://archive.org/download/2020_01_06_fbn/roms/coleco.zip/coleco/rocky.zip",
    "require": [
      "coleco"
    ]
  },
  "rollover": {
    "download": "https://archive.org/download/2020_01_06_fbn/roms/coleco.zip/coleco/rollover.zip",
    "require": [
      "coleco"
    ]
  },
  "sammylf": {
    "download": "https://archive.org/download/2020_01_06_fbn/roms/coleco.zip/coleco/sammylf.zip",
    "require": [
      "coleco"
    ]
  },
  "sammylfa": {
    "download": "https://archive.org/download/2020_01_06_fbn/roms/coleco.zip/coleco/sammylfa.zip",
    "require": [
      "sammylf"
    ]
  },
  "secalpha": {
    "download": "https://archive.org/download/2020_01_06_fbn/roms/coleco.zip/coleco/secalpha.zip",
    "require": [
      "coleco"
    ]
  },
  "sewersam": {
    "download": "https://archive.org/download/2020_01_06_fbn/roms/coleco.zip/coleco/sewersam.zip",
    "require": [
      "coleco"
    ]
  },
  "lancelot": {
    "download": "https://archive.org/download/2020_01_06_fbn/roms/coleco.zip/coleco/lancelot.zip",
    "require": [
      "coleco"
    ]
  },
  "skiing": {
    "download": "https://archive.org/download/2020_01_06_fbn/roms/coleco.zip/coleco/skiing.zip",
    "require": [
      "coleco"
    ]
  },
  "slither": {
    "download": "https://archive.org/download/2020_01_06_fbn/roms/coleco.zip/coleco/slither.zip",
    "require": [
      "coleco"
    ]
  },
  "danslither": {
    "download": "https://archive.org/download/2020_01_06_fbn/roms/coleco.zip/coleco/danslither.zip",
    "require": [
      "slither"
    ]
  },
  "slurpy": {
    "download": "https://archive.org/download/2020_01_06_fbn/roms/coleco.zip/coleco/slurpy.zip",
    "require": [
      "coleco"
    ]
  },
  "smurfpnt": {
    "download": "https://archive.org/download/2020_01_06_fbn/roms/coleco.zip/coleco/smurfpnt.zip",
    "require": [
      "coleco"
    ]
  },
  "smurfply": {
    "download": "https://archive.org/download/2020_01_06_fbn/roms/coleco.zip/coleco/smurfply.zip",
    "require": [
      "coleco"
    ]
  },
  "smurf": {
    "download": "https://archive.org/download/2020_01_06_fbn/roms/coleco.zip/coleco/smurf.zip",
    "require": [
      "coleco"
    ]
  },
  "smurfa": {
    "download": "https://archive.org/download/2020_01_06_fbn/roms/coleco.zip/coleco/smurfa.zip",
    "require": [
      "smurf"
    ]
  },
  "spacfury": {
    "download": "https://archive.org/download/2020_01_06_fbn/roms/coleco.zip/coleco/spacfury.zip",
    "require": [
      "coleco"
    ]
  },
  "panic": {
    "download": "https://archive.org/download/2020_01_06_fbn/roms/coleco.zip/coleco/panic.zip",
    "require": [
      "coleco"
    ]
  },
  "spectron": {
    "download": "https://archive.org/download/2020_01_06_fbn/roms/coleco.zip/coleco/spectron.zip",
    "require": [
      "coleco"
    ]
  },
  "spyhunt": {
    "download": "https://archive.org/download/2020_01_06_fbn/roms/coleco.zip/coleco/spyhunt.zip",
    "require": [
      "coleco"
    ]
  },
  "spyhuntp1": {
    "download": "https://archive.org/download/2020_01_06_fbn/roms/coleco.zip/coleco/spyhuntp1.zip",
    "require": [
      "spyhunt"
    ]
  },
  "spyhuntp": {
    "download": "https://archive.org/download/2020_01_06_fbn/roms/coleco.zip/coleco/spyhuntp.zip",
    "require": [
      "spyhunt"
    ]
  },
  "squishem": {
    "download": "https://archive.org/download/2020_01_06_fbn/roms/coleco.zip/coleco/squishem.zip",
    "require": [
      "coleco"
    ]
  },
  "starfortress": {
    "download": "https://archive.org/download/2020_01_06_fbn/roms/coleco.zip/coleco/starfortress.zip",
    "require": [
      "coleco"
    ]
  },
  "startrek": {
    "download": "https://archive.org/download/2020_01_06_fbn/roms/coleco.zip/coleco/startrek.zip",
    "require": [
      "coleco"
    ]
  },
  "starwars": {
    "download": "https://archive.org/download/2020_01_06_fbn/roms/coleco.zip/coleco/starwars.zip",
    "require": [
      "coleco"
    ]
  },
  "steam": {
    "download": "https://archive.org/download/2020_01_06_fbn/roms/coleco.zip/coleco/steam.zip",
    "require": [
      "coleco"
    ]
  },
  "strikeit": {
    "download": "https://archive.org/download/2020_01_06_fbn/roms/coleco.zip/coleco/strikeit.zip",
    "require": [
      "coleco"
    ]
  },
  "subroc": {
    "download": "https://archive.org/download/2020_01_06_fbn/roms/coleco.zip/coleco/subroc.zip",
    "require": [
      "coleco"
    ]
  },
  "sabaseb": {
    "download": "https://archive.org/download/2020_01_06_fbn/roms/coleco.zip/coleco/sabaseb.zip",
    "require": [
      "coleco"
    ]
  },
  "safootb": {
    "download": "https://archive.org/download/2020_01_06_fbn/roms/coleco.zip/coleco/safootb.zip",
    "require": [
      "coleco"
    ]
  },
  "saftsocc": {
    "download": "https://archive.org/download/2020_01_06_fbn/roms/coleco.zip/coleco/saftsocc.zip",
    "require": [
      "sasoccer"
    ]
  },
  "sasoccer": {
    "download": "https://archive.org/download/2020_01_06_fbn/roms/coleco.zip/coleco/sasoccer.zip",
    "require": [
      "coleco"
    ]
  },
  "scobra": {
    "download": "https://archive.org/download/2020_01_06_fbn/roms/coleco.zip/coleco/scobra.zip",
    "require": [
      "coleco"
    ]
  },
  "scobraa": {
    "download": "https://archive.org/download/2020_01_06_fbn/roms/coleco.zip/coleco/scobraa.zip",
    "require": [
      "scobra"
    ]
  },
  "suprtest": {
    "download": "https://archive.org/download/2020_01_06_fbn/roms/coleco.zip/coleco/suprtest.zip",
    "require": [
      "coleco"
    ]
  },
  "sprcross": {
    "download": "https://archive.org/download/2020_01_06_fbn/roms/coleco.zip/coleco/sprcross.zip",
    "require": [
      "coleco"
    ]
  },
  "sprcrossa": {
    "download": "https://archive.org/download/2020_01_06_fbn/roms/coleco.zip/coleco/sprcrossa.zip",
    "require": [
      "sprcross"
    ]
  },
  "superdk": {
    "download": "https://archive.org/download/2020_01_06_fbn/roms/coleco.zip/coleco/superdk.zip",
    "require": [
      "coleco"
    ]
  },
  "suprdkjr": {
    "download": "https://archive.org/download/2020_01_06_fbn/roms/coleco.zip/coleco/suprdkjr.zip",
    "require": [
      "coleco"
    ]
  },
  "ssketch": {
    "download": "https://archive.org/download/2020_01_06_fbn/roms/coleco.zip/coleco/ssketch.zip",
    "require": [
      "coleco"
    ]
  },
  "sword": {
    "download": "https://archive.org/download/2020_01_06_fbn/roms/coleco.zip/coleco/sword.zip",
    "require": [
      "coleco"
    ]
  },
  "tankwars": {
    "download": "https://archive.org/download/2020_01_06_fbn/roms/coleco.zip/coleco/tankwars.zip",
    "require": [
      "coleco"
    ]
  },
  "tapper": {
    "download": "https://archive.org/download/2020_01_06_fbn/roms/coleco.zip/coleco/tapper.zip",
    "require": [
      "coleco"
    ]
  },
  "tarzan": {
    "download": "https://archive.org/download/2020_01_06_fbn/roms/coleco.zip/coleco/tarzan.zip",
    "require": [
      "coleco"
    ]
  },
  "telly": {
    "download": "https://archive.org/download/2020_01_06_fbn/roms/coleco.zip/coleco/telly.zip",
    "require": [
      "coleco"
    ]
  },
  "bbears": {
    "download": "https://archive.org/download/2020_01_06_fbn/roms/coleco.zip/coleco/bbears.zip",
    "require": [
      "coleco"
    ]
  },
  "dambust": {
    "download": "https://archive.org/download/2020_01_06_fbn/roms/coleco.zip/coleco/dambust.zip",
    "require": [
      "coleco"
    ]
  },
  "hazzard": {
    "download": "https://archive.org/download/2020_01_06_fbn/roms/coleco.zip/coleco/hazzard.zip",
    "require": [
      "coleco"
    ]
  },
  "yolk": {
    "download": "https://archive.org/download/2020_01_06_fbn/roms/coleco.zip/coleco/yolk.zip",
    "require": [
      "coleco"
    ]
  },
  "threshld": {
    "download": "https://archive.org/download/2020_01_06_fbn/roms/coleco.zip/coleco/threshld.zip",
    "require": [
      "coleco"
    ]
  },
  "timeplt": {
    "download": "https://archive.org/download/2020_01_06_fbn/roms/coleco.zip/coleco/timeplt.zip",
    "require": [
      "coleco"
    ]
  },
  "tomarc": {
    "download": "https://archive.org/download/2020_01_06_fbn/roms/coleco.zip/coleco/tomarc.zip",
    "require": [
      "coleco"
    ]
  },
  "ttennis": {
    "download": "https://archive.org/download/2020_01_06_fbn/roms/coleco.zip/coleco/ttennis.zip",
    "require": [
      "coleco"
    ]
  },
  "tunnels": {
    "download": "https://archive.org/download/2020_01_06_fbn/roms/coleco.zip/coleco/tunnels.zip",
    "require": [
      "coleco"
    ]
  },
  "turbo": {
    "download": "https://archive.org/download/2020_01_06_fbn/roms/coleco.zip/coleco/turbo.zip",
    "require": [
      "coleco"
    ]
  },
  "tutankhm": {
    "download": "https://archive.org/download/2020_01_06_fbn/roms/coleco.zip/coleco/tutankhm.zip",
    "require": [
      "coleco"
    ]
  },
  "tutankhma": {
    "download": "https://archive.org/download/2020_01_06_fbn/roms/coleco.zip/coleco/tutankhma.zip",
    "require": [
      "tutankhm"
    ]
  },
  "upndown": {
    "download": "https://archive.org/download/2020_01_06_fbn/roms/coleco.zip/coleco/upndown.zip",
    "require": [
      "coleco"
    ]
  },
  "venture": {
    "download": "https://archive.org/download/2020_01_06_fbn/roms/coleco.zip/coleco/venture.zip",
    "require": [
      "coleco"
    ]
  },
  "victory": {
    "download": "https://archive.org/download/2020_01_06_fbn/roms/coleco.zip/coleco/victory.zip",
    "require": [
      "coleco"
    ]
  },
  "hustler": {
    "download": "https://archive.org/download/2020_01_06_fbn/roms/coleco.zip/coleco/hustler.zip",
    "require": [
      "coleco"
    ]
  },
  "hustler1": {
    "download": "https://archive.org/download/2020_01_06_fbn/roms/coleco.zip/coleco/hustler1.zip",
    "require": [
      "hustler"
    ]
  },
  "wargames": {
    "download": "https://archive.org/download/2020_01_06_fbn/roms/coleco.zip/coleco/wargames.zip",
    "require": [
      "coleco"
    ]
  },
  "wargamesp": {
    "download": "https://archive.org/download/2020_01_06_fbn/roms/coleco.zip/coleco/wargamesp.zip",
    "require": [
      "wargames"
    ]
  },
  "warroom": {
    "download": "https://archive.org/download/2020_01_06_fbn/roms/coleco.zip/coleco/warroom.zip",
    "require": [
      "coleco"
    ]
  },
  "wingwar": {
    "download": "https://archive.org/download/2020_01_06_fbn/roms/coleco.zip/coleco/wingwar.zip",
    "require": [
      "coleco"
    ]
  },
  "wizmath": {
    "download": "https://archive.org/download/2020_01_06_fbn/roms/coleco.zip/coleco/wizmath.zip",
    "require": [
      "coleco"
    ]
  },
  "wordfeud": {
    "download": "https://archive.org/download/2020_01_06_fbn/roms/coleco.zip/coleco/wordfeud.zip",
    "require": [
      "coleco"
    ]
  },
  "zaxxon": {
    "download": "https://archive.org/download/2020_01_06_fbn/roms/coleco.zip/coleco/zaxxon.zip",
    "require": [
      "coleco"
    ]
  },
  "zaxxonsgm": {
    "download": "https://archive.org/download/2020_01_06_fbn/roms/coleco.zip/coleco/zaxxonsgm.zip",
    "require": [
      "coleco"
    ]
  },
  "zenji": {
    "download": "https://archive.org/download/2020_01_06_fbn/roms/coleco.zip/coleco/zenji.zip",
    "require": [
      "coleco"
    ]
  },
  "coleco": {
    "download": "https://archive.org/download/2020_01_06_fbn/roms/coleco.zip/coleco/coleco.zip"
  }
}